[
{
  "model": "admin.logentry",
  "pk": 1,
  "fields": {
    "action_time": "2024-10-21T10:57:05.787Z",
    "user": 1,
    "content_type": 7,
    "object_id": "1",
    "object_repr": "Демонтаж резины с диска",
    "action_flag": 1,
    "change_message": "[{\"added\": {}}]"
  }
},
{
  "model": "admin.logentry",
  "pk": 2,
  "fields": {
    "action_time": "2024-10-21T10:57:23.595Z",
    "user": 1,
    "content_type": 7,
    "object_id": "2",
    "object_repr": "Балансировка колес",
    "action_flag": 1,
    "change_message": "[{\"added\": {}}]"
  }
},
{
  "model": "admin.logentry",
  "pk": 3,
  "fields": {
    "action_time": "2024-10-21T10:57:39.818Z",
    "user": 1,
    "content_type": 7,
    "object_id": "3",
    "object_repr": "Ремонт шин",
    "action_flag": 1,
    "change_message": "[{\"added\": {}}]"
  }
},
{
  "model": "admin.logentry",
  "pk": 4,
  "fields": {
    "action_time": "2024-10-21T10:57:54.280Z",
    "user": 1,
    "content_type": 7,
    "object_id": "4",
    "object_repr": "Шиповка",
    "action_flag": 1,
    "change_message": "[{\"added\": {}}]"
  }
},
{
  "model": "admin.logentry",
  "pk": 5,
  "fields": {
    "action_time": "2024-10-21T10:58:11.663Z",
    "user": 1,
    "content_type": 7,
    "object_id": "5",
    "object_repr": "Сезонная замена колес",
    "action_flag": 1,
    "change_message": "[{\"added\": {}}]"
  }
},
{
  "model": "admin.logentry",
  "pk": 6,
  "fields": {
    "action_time": "2024-10-21T10:58:42.463Z",
    "user": 1,
    "content_type": 7,
    "object_id": "6",
    "object_repr": "Очистка дисков от загрязнений",
    "action_flag": 1,
    "change_message": "[{\"added\": {}}]"
  }
},
{
  "model": "admin.logentry",
  "pk": 7,
  "fields": {
    "action_time": "2024-10-21T10:58:45.741Z",
    "user": 1,
    "content_type": 8,
    "object_id": "1",
    "object_repr": "Шиномонтаж",
    "action_flag": 1,
    "change_message": "[{\"added\": {}}]"
  }
},
{
  "model": "admin.logentry",
  "pk": 8,
  "fields": {
    "action_time": "2024-10-21T10:59:32.018Z",
    "user": 1,
    "content_type": 7,
    "object_id": "7",
    "object_repr": "Косметический ремонт",
    "action_flag": 1,
    "change_message": "[{\"added\": {}}]"
  }
},
{
  "model": "admin.logentry",
  "pk": 9,
  "fields": {
    "action_time": "2024-10-21T10:59:46.540Z",
    "user": 1,
    "content_type": 7,
    "object_id": "8",
    "object_repr": "Локальный ремонт",
    "action_flag": 1,
    "change_message": "[{\"added\": {}}]"
  }
},
{
  "model": "admin.logentry",
  "pk": 10,
  "fields": {
    "action_time": "2024-10-21T10:59:59.646Z",
    "user": 1,
    "content_type": 7,
    "object_id": "9",
    "object_repr": "Рихтовка",
    "action_flag": 1,
    "change_message": "[{\"added\": {}}]"
  }
},
{
  "model": "admin.logentry",
  "pk": 11,
  "fields": {
    "action_time": "2024-10-21T11:00:11.960Z",
    "user": 1,
    "content_type": 7,
    "object_id": "10",
    "object_repr": "Восстановление геометрии кузова",
    "action_flag": 1,
    "change_message": "[{\"added\": {}}]"
  }
},
{
  "model": "admin.logentry",
  "pk": 12,
  "fields": {
    "action_time": "2024-10-21T11:00:22.966Z",
    "user": 1,
    "content_type": 7,
    "object_id": "11",
    "object_repr": "Капитальный ремонт",
    "action_flag": 1,
    "change_message": "[{\"added\": {}}]"
  }
},
{
  "model": "admin.logentry",
  "pk": 13,
  "fields": {
    "action_time": "2024-10-21T11:00:35.031Z",
    "user": 1,
    "content_type": 7,
    "object_id": "12",
    "object_repr": "Удаление царапин",
    "action_flag": 1,
    "change_message": "[{\"added\": {}}]"
  }
},
{
  "model": "admin.logentry",
  "pk": 14,
  "fields": {
    "action_time": "2024-10-21T11:00:42.814Z",
    "user": 1,
    "content_type": 8,
    "object_id": "2",
    "object_repr": "Кузовные работы",
    "action_flag": 1,
    "change_message": "[{\"added\": {}}]"
  }
},
{
  "model": "admin.logentry",
  "pk": 15,
  "fields": {
    "action_time": "2024-10-21T11:01:31.163Z",
    "user": 1,
    "content_type": 7,
    "object_id": "13",
    "object_repr": "Передний узел",
    "action_flag": 1,
    "change_message": "[{\"added\": {}}]"
  }
},
{
  "model": "admin.logentry",
  "pk": 16,
  "fields": {
    "action_time": "2024-10-21T11:01:44.042Z",
    "user": 1,
    "content_type": 7,
    "object_id": "14",
    "object_repr": "Амортизаторы",
    "action_flag": 1,
    "change_message": "[{\"added\": {}}]"
  }
},
{
  "model": "admin.logentry",
  "pk": 17,
  "fields": {
    "action_time": "2024-10-21T11:01:57.015Z",
    "user": 1,
    "content_type": 7,
    "object_id": "15",
    "object_repr": "Наконечники, опоры",
    "action_flag": 1,
    "change_message": "[{\"added\": {}}]"
  }
},
{
  "model": "admin.logentry",
  "pk": 18,
  "fields": {
    "action_time": "2024-10-21T11:02:07.735Z",
    "user": 1,
    "content_type": 7,
    "object_id": "16",
    "object_repr": "Рычаги",
    "action_flag": 1,
    "change_message": "[{\"added\": {}}]"
  }
},
{
  "model": "admin.logentry",
  "pk": 19,
  "fields": {
    "action_time": "2024-10-21T11:02:18.531Z",
    "user": 1,
    "content_type": 7,
    "object_id": "17",
    "object_repr": "Подшипники",
    "action_flag": 1,
    "change_message": "[{\"added\": {}}]"
  }
},
{
  "model": "admin.logentry",
  "pk": 20,
  "fields": {
    "action_time": "2024-10-21T11:02:34.422Z",
    "user": 1,
    "content_type": 7,
    "object_id": "18",
    "object_repr": "Задний механизм",
    "action_flag": 1,
    "change_message": "[{\"added\": {}}]"
  }
},
{
  "model": "admin.logentry",
  "pk": 21,
  "fields": {
    "action_time": "2024-10-21T11:02:37.641Z",
    "user": 1,
    "content_type": 8,
    "object_id": "3",
    "object_repr": "Подвесная составляющая автомобиля",
    "action_flag": 1,
    "change_message": "[{\"added\": {}}]"
  }
},
{
  "model": "admin.logentry",
  "pk": 22,
  "fields": {
    "action_time": "2024-10-21T11:03:08.138Z",
    "user": 1,
    "content_type": 7,
    "object_id": "19",
    "object_repr": "Автоэлектрика",
    "action_flag": 1,
    "change_message": "[{\"added\": {}}]"
  }
},
{
  "model": "admin.logentry",
  "pk": 23,
  "fields": {
    "action_time": "2024-10-21T11:03:18.135Z",
    "user": 1,
    "content_type": 7,
    "object_id": "20",
    "object_repr": "Регулировка фар",
    "action_flag": 1,
    "change_message": "[{\"added\": {}}]"
  }
},
{
  "model": "admin.logentry",
  "pk": 24,
  "fields": {
    "action_time": "2024-10-21T11:03:29.373Z",
    "user": 1,
    "content_type": 7,
    "object_id": "21",
    "object_repr": "Тонировка стекол",
    "action_flag": 1,
    "change_message": "[{\"added\": {}}]"
  }
},
{
  "model": "admin.logentry",
  "pk": 25,
  "fields": {
    "action_time": "2024-10-21T11:03:43.010Z",
    "user": 1,
    "content_type": 7,
    "object_id": "22",
    "object_repr": "Техническое обслуживание по пробегу",
    "action_flag": 1,
    "change_message": "[{\"added\": {}}]"
  }
},
{
  "model": "admin.logentry",
  "pk": 26,
  "fields": {
    "action_time": "2024-10-21T11:03:57.701Z",
    "user": 1,
    "content_type": 7,
    "object_id": "23",
    "object_repr": "Установка сигнализации",
    "action_flag": 1,
    "change_message": "[{\"added\": {}}]"
  }
},
{
  "model": "admin.logentry",
  "pk": 27,
  "fields": {
    "action_time": "2024-10-21T11:04:10.660Z",
    "user": 1,
    "content_type": 7,
    "object_id": "24",
    "object_repr": "Установка фаркопов",
    "action_flag": 1,
    "change_message": "[{\"added\": {}}]"
  }
},
{
  "model": "admin.logentry",
  "pk": 28,
  "fields": {
    "action_time": "2024-10-21T11:04:14.638Z",
    "user": 1,
    "content_type": 8,
    "object_id": "4",
    "object_repr": "Дополнительные услуги",
    "action_flag": 1,
    "change_message": "[{\"added\": {}}]"
  }
},
{
  "model": "admin.logentry",
  "pk": 29,
  "fields": {
    "action_time": "2024-10-21T11:46:44.312Z",
    "user": 1,
    "content_type": 3,
    "object_id": "1",
    "object_repr": "Администратор",
    "action_flag": 1,
    "change_message": "[{\"added\": {}}]"
  }
},
{
  "model": "admin.logentry",
  "pk": 30,
  "fields": {
    "action_time": "2024-10-21T11:52:23.033Z",
    "user": 1,
    "content_type": 4,
    "object_id": "1",
    "object_repr": "admin",
    "action_flag": 2,
    "change_message": "[{\"changed\": {\"fields\": [\"Email address\"]}}]"
  }
},
{
  "model": "admin.logentry",
  "pk": 31,
  "fields": {
    "action_time": "2024-10-21T11:52:40.947Z",
    "user": 1,
    "content_type": 4,
    "object_id": "2",
    "object_repr": "user1",
    "action_flag": 2,
    "change_message": "[{\"changed\": {\"fields\": [\"Staff status\", \"Groups\"]}}]"
  }
},
{
  "model": "admin.logentry",
  "pk": 32,
  "fields": {
    "action_time": "2024-10-26T14:48:21.559Z",
    "user": 1,
    "content_type": 8,
    "object_id": "4",
    "object_repr": "Дополнительные услуги",
    "action_flag": 2,
    "change_message": "[{\"changed\": {\"fields\": [\"\\u041e\\u043f\\u0438\\u0441\\u0430\\u043d\\u0438\\u0435\"]}}]"
  }
},
{
  "model": "admin.logentry",
  "pk": 33,
  "fields": {
    "action_time": "2024-10-26T14:48:31.725Z",
    "user": 1,
    "content_type": 8,
    "object_id": "3",
    "object_repr": "Подвесная составляющая автомобиля",
    "action_flag": 2,
    "change_message": "[]"
  }
},
{
  "model": "admin.logentry",
  "pk": 34,
  "fields": {
    "action_time": "2024-10-26T14:48:51.889Z",
    "user": 1,
    "content_type": 8,
    "object_id": "2",
    "object_repr": "Кузовные работы",
    "action_flag": 2,
    "change_message": "[{\"changed\": {\"fields\": [\"\\u041e\\u043f\\u0438\\u0441\\u0430\\u043d\\u0438\\u0435\"]}}]"
  }
},
{
  "model": "admin.logentry",
  "pk": 35,
  "fields": {
    "action_time": "2024-10-26T14:49:18.824Z",
    "user": 1,
    "content_type": 8,
    "object_id": "1",
    "object_repr": "Шиномонтаж",
    "action_flag": 2,
    "change_message": "[{\"changed\": {\"fields\": [\"\\u041e\\u043f\\u0438\\u0441\\u0430\\u043d\\u0438\\u0435\"]}}]"
  }
},
{
  "model": "admin.logentry",
  "pk": 36,
  "fields": {
    "action_time": "2024-10-26T14:49:22.276Z",
    "user": 1,
    "content_type": 8,
    "object_id": "2",
    "object_repr": "Кузовные работы",
    "action_flag": 2,
    "change_message": "[{\"changed\": {\"fields\": [\"\\u041e\\u043f\\u0438\\u0441\\u0430\\u043d\\u0438\\u0435\"]}}]"
  }
},
{
  "model": "admin.logentry",
  "pk": 37,
  "fields": {
    "action_time": "2024-10-26T14:49:24.717Z",
    "user": 1,
    "content_type": 8,
    "object_id": "3",
    "object_repr": "Подвесная составляющая автомобиля",
    "action_flag": 2,
    "change_message": "[{\"changed\": {\"fields\": [\"\\u041e\\u043f\\u0438\\u0441\\u0430\\u043d\\u0438\\u0435\"]}}]"
  }
},
{
  "model": "admin.logentry",
  "pk": 38,
  "fields": {
    "action_time": "2024-10-26T14:49:26.787Z",
    "user": 1,
    "content_type": 8,
    "object_id": "4",
    "object_repr": "Дополнительные услуги",
    "action_flag": 2,
    "change_message": "[]"
  }
},
{
  "model": "admin.logentry",
  "pk": 39,
  "fields": {
    "action_time": "2024-10-26T14:51:46.954Z",
    "user": 1,
    "content_type": 7,
    "object_id": "24",
    "object_repr": "Установка фаркопов",
    "action_flag": 2,
    "change_message": "[{\"changed\": {\"fields\": [\"\\u041e\\u043f\\u0438\\u0441\\u0430\\u043d\\u0438\\u0435\", \"\\u0426\\u0435\\u043d\\u0430\"]}}]"
  }
},
{
  "model": "admin.logentry",
  "pk": 40,
  "fields": {
    "action_time": "2024-10-26T14:53:16.337Z",
    "user": 1,
    "content_type": 7,
    "object_id": "23",
    "object_repr": "Установка сигнализации",
    "action_flag": 2,
    "change_message": "[{\"changed\": {\"fields\": [\"\\u041e\\u043f\\u0438\\u0441\\u0430\\u043d\\u0438\\u0435\", \"\\u0426\\u0435\\u043d\\u0430\"]}}]"
  }
},
{
  "model": "admin.logentry",
  "pk": 41,
  "fields": {
    "action_time": "2024-10-26T14:54:34.192Z",
    "user": 1,
    "content_type": 7,
    "object_id": "22",
    "object_repr": "Техническое обслуживание по пробегу",
    "action_flag": 2,
    "change_message": "[{\"changed\": {\"fields\": [\"\\u041e\\u043f\\u0438\\u0441\\u0430\\u043d\\u0438\\u0435\", \"\\u0426\\u0435\\u043d\\u0430\"]}}]"
  }
},
{
  "model": "admin.logentry",
  "pk": 42,
  "fields": {
    "action_time": "2024-10-26T14:55:26.362Z",
    "user": 1,
    "content_type": 7,
    "object_id": "21",
    "object_repr": "Тонировка стекол",
    "action_flag": 2,
    "change_message": "[{\"changed\": {\"fields\": [\"\\u041e\\u043f\\u0438\\u0441\\u0430\\u043d\\u0438\\u0435\", \"\\u0426\\u0435\\u043d\\u0430\"]}}]"
  }
},
{
  "model": "admin.logentry",
  "pk": 43,
  "fields": {
    "action_time": "2024-10-26T14:56:15.994Z",
    "user": 1,
    "content_type": 7,
    "object_id": "20",
    "object_repr": "Регулировка фар",
    "action_flag": 2,
    "change_message": "[{\"changed\": {\"fields\": [\"\\u041e\\u043f\\u0438\\u0441\\u0430\\u043d\\u0438\\u0435\", \"\\u0426\\u0435\\u043d\\u0430\"]}}]"
  }
},
{
  "model": "admin.logentry",
  "pk": 44,
  "fields": {
    "action_time": "2024-10-26T14:56:58.053Z",
    "user": 1,
    "content_type": 7,
    "object_id": "19",
    "object_repr": "Автоэлектрика",
    "action_flag": 2,
    "change_message": "[{\"changed\": {\"fields\": [\"\\u041e\\u043f\\u0438\\u0441\\u0430\\u043d\\u0438\\u0435\", \"\\u0426\\u0435\\u043d\\u0430\"]}}]"
  }
},
{
  "model": "admin.logentry",
  "pk": 45,
  "fields": {
    "action_time": "2024-10-26T14:57:40.584Z",
    "user": 1,
    "content_type": 7,
    "object_id": "18",
    "object_repr": "Задний механизм",
    "action_flag": 2,
    "change_message": "[{\"changed\": {\"fields\": [\"\\u041e\\u043f\\u0438\\u0441\\u0430\\u043d\\u0438\\u0435\", \"\\u0426\\u0435\\u043d\\u0430\"]}}]"
  }
},
{
  "model": "admin.logentry",
  "pk": 46,
  "fields": {
    "action_time": "2024-10-26T14:57:49.341Z",
    "user": 1,
    "content_type": 7,
    "object_id": "17",
    "object_repr": "Подшипники",
    "action_flag": 2,
    "change_message": "[{\"changed\": {\"fields\": [\"\\u041e\\u043f\\u0438\\u0441\\u0430\\u043d\\u0438\\u0435\", \"\\u0426\\u0435\\u043d\\u0430\"]}}]"
  }
},
{
  "model": "admin.logentry",
  "pk": 47,
  "fields": {
    "action_time": "2024-10-26T14:57:56.822Z",
    "user": 1,
    "content_type": 7,
    "object_id": "16",
    "object_repr": "Рычаги",
    "action_flag": 2,
    "change_message": "[{\"changed\": {\"fields\": [\"\\u041e\\u043f\\u0438\\u0441\\u0430\\u043d\\u0438\\u0435\", \"\\u0426\\u0435\\u043d\\u0430\"]}}]"
  }
},
{
  "model": "admin.logentry",
  "pk": 48,
  "fields": {
    "action_time": "2024-10-26T14:58:00.039Z",
    "user": 1,
    "content_type": 7,
    "object_id": "16",
    "object_repr": "Рычаги",
    "action_flag": 2,
    "change_message": "[]"
  }
},
{
  "model": "admin.logentry",
  "pk": 49,
  "fields": {
    "action_time": "2024-10-26T14:58:08.447Z",
    "user": 1,
    "content_type": 7,
    "object_id": "15",
    "object_repr": "Наконечники, опоры",
    "action_flag": 2,
    "change_message": "[{\"changed\": {\"fields\": [\"\\u041e\\u043f\\u0438\\u0441\\u0430\\u043d\\u0438\\u0435\", \"\\u0426\\u0435\\u043d\\u0430\"]}}]"
  }
},
{
  "model": "admin.logentry",
  "pk": 50,
  "fields": {
    "action_time": "2024-10-26T14:58:11.641Z",
    "user": 1,
    "content_type": 7,
    "object_id": "15",
    "object_repr": "Наконечники, опоры",
    "action_flag": 2,
    "change_message": "[]"
  }
},
{
  "model": "admin.logentry",
  "pk": 51,
  "fields": {
    "action_time": "2024-10-26T14:58:21.329Z",
    "user": 1,
    "content_type": 7,
    "object_id": "14",
    "object_repr": "Амортизаторы",
    "action_flag": 2,
    "change_message": "[{\"changed\": {\"fields\": [\"\\u041e\\u043f\\u0438\\u0441\\u0430\\u043d\\u0438\\u0435\", \"\\u0426\\u0435\\u043d\\u0430\"]}}]"
  }
},
{
  "model": "admin.logentry",
  "pk": 52,
  "fields": {
    "action_time": "2024-10-26T14:58:31.008Z",
    "user": 1,
    "content_type": 7,
    "object_id": "13",
    "object_repr": "Передний узел",
    "action_flag": 2,
    "change_message": "[{\"changed\": {\"fields\": [\"\\u041e\\u043f\\u0438\\u0441\\u0430\\u043d\\u0438\\u0435\", \"\\u0426\\u0435\\u043d\\u0430\"]}}]"
  }
},
{
  "model": "admin.logentry",
  "pk": 53,
  "fields": {
    "action_time": "2024-10-26T14:59:10.561Z",
    "user": 1,
    "content_type": 7,
    "object_id": "12",
    "object_repr": "Удаление царапин",
    "action_flag": 2,
    "change_message": "[{\"changed\": {\"fields\": [\"\\u041e\\u043f\\u0438\\u0441\\u0430\\u043d\\u0438\\u0435\", \"\\u0426\\u0435\\u043d\\u0430\"]}}]"
  }
},
{
  "model": "admin.logentry",
  "pk": 54,
  "fields": {
    "action_time": "2024-10-26T14:59:45.659Z",
    "user": 1,
    "content_type": 7,
    "object_id": "11",
    "object_repr": "Капитальный ремонт",
    "action_flag": 2,
    "change_message": "[{\"changed\": {\"fields\": [\"\\u041e\\u043f\\u0438\\u0441\\u0430\\u043d\\u0438\\u0435\"]}}]"
  }
},
{
  "model": "admin.logentry",
  "pk": 55,
  "fields": {
    "action_time": "2024-10-26T15:00:57.693Z",
    "user": 1,
    "content_type": 7,
    "object_id": "10",
    "object_repr": "Восстановление геометрии кузова",
    "action_flag": 2,
    "change_message": "[{\"changed\": {\"fields\": [\"\\u041e\\u043f\\u0438\\u0441\\u0430\\u043d\\u0438\\u0435\", \"\\u0426\\u0435\\u043d\\u0430\"]}}]"
  }
},
{
  "model": "admin.logentry",
  "pk": 56,
  "fields": {
    "action_time": "2024-10-26T15:01:26.581Z",
    "user": 1,
    "content_type": 7,
    "object_id": "9",
    "object_repr": "Рихтовка",
    "action_flag": 2,
    "change_message": "[{\"changed\": {\"fields\": [\"\\u041e\\u043f\\u0438\\u0441\\u0430\\u043d\\u0438\\u0435\", \"\\u0426\\u0435\\u043d\\u0430\"]}}]"
  }
},
{
  "model": "admin.logentry",
  "pk": 57,
  "fields": {
    "action_time": "2024-10-26T15:02:10.942Z",
    "user": 1,
    "content_type": 7,
    "object_id": "8",
    "object_repr": "Локальный ремонт",
    "action_flag": 2,
    "change_message": "[{\"changed\": {\"fields\": [\"\\u041e\\u043f\\u0438\\u0441\\u0430\\u043d\\u0438\\u0435\", \"\\u0426\\u0435\\u043d\\u0430\"]}}]"
  }
},
{
  "model": "admin.logentry",
  "pk": 58,
  "fields": {
    "action_time": "2024-10-26T15:02:40.589Z",
    "user": 1,
    "content_type": 7,
    "object_id": "7",
    "object_repr": "Косметический ремонт",
    "action_flag": 2,
    "change_message": "[{\"changed\": {\"fields\": [\"\\u041e\\u043f\\u0438\\u0441\\u0430\\u043d\\u0438\\u0435\", \"\\u0426\\u0435\\u043d\\u0430\"]}}]"
  }
},
{
  "model": "admin.logentry",
  "pk": 59,
  "fields": {
    "action_time": "2024-10-26T15:03:22.303Z",
    "user": 1,
    "content_type": 7,
    "object_id": "6",
    "object_repr": "Очистка дисков от загрязнений",
    "action_flag": 2,
    "change_message": "[{\"changed\": {\"fields\": [\"\\u041e\\u043f\\u0438\\u0441\\u0430\\u043d\\u0438\\u0435\", \"\\u0426\\u0435\\u043d\\u0430\"]}}]"
  }
},
{
  "model": "admin.logentry",
  "pk": 60,
  "fields": {
    "action_time": "2024-10-26T15:03:54.892Z",
    "user": 1,
    "content_type": 7,
    "object_id": "5",
    "object_repr": "Сезонная замена колес",
    "action_flag": 2,
    "change_message": "[{\"changed\": {\"fields\": [\"\\u041e\\u043f\\u0438\\u0441\\u0430\\u043d\\u0438\\u0435\", \"\\u0426\\u0435\\u043d\\u0430\"]}}]"
  }
},
{
  "model": "admin.logentry",
  "pk": 61,
  "fields": {
    "action_time": "2024-10-26T15:04:27.219Z",
    "user": 1,
    "content_type": 7,
    "object_id": "4",
    "object_repr": "Шиповка",
    "action_flag": 2,
    "change_message": "[{\"changed\": {\"fields\": [\"\\u041e\\u043f\\u0438\\u0441\\u0430\\u043d\\u0438\\u0435\", \"\\u0426\\u0435\\u043d\\u0430\"]}}]"
  }
},
{
  "model": "admin.logentry",
  "pk": 62,
  "fields": {
    "action_time": "2024-10-26T15:04:49.578Z",
    "user": 1,
    "content_type": 7,
    "object_id": "3",
    "object_repr": "Ремонт шин",
    "action_flag": 2,
    "change_message": "[{\"changed\": {\"fields\": [\"\\u041e\\u043f\\u0438\\u0441\\u0430\\u043d\\u0438\\u0435\", \"\\u0426\\u0435\\u043d\\u0430\"]}}]"
  }
},
{
  "model": "admin.logentry",
  "pk": 63,
  "fields": {
    "action_time": "2024-10-26T15:05:16.709Z",
    "user": 1,
    "content_type": 7,
    "object_id": "2",
    "object_repr": "Балансировка колес",
    "action_flag": 2,
    "change_message": "[{\"changed\": {\"fields\": [\"\\u041e\\u043f\\u0438\\u0441\\u0430\\u043d\\u0438\\u0435\", \"\\u0426\\u0435\\u043d\\u0430\"]}}]"
  }
},
{
  "model": "admin.logentry",
  "pk": 64,
  "fields": {
    "action_time": "2024-10-26T15:05:43.961Z",
    "user": 1,
    "content_type": 7,
    "object_id": "1",
    "object_repr": "Демонтаж резины с диска",
    "action_flag": 2,
    "change_message": "[{\"changed\": {\"fields\": [\"\\u041e\\u043f\\u0438\\u0441\\u0430\\u043d\\u0438\\u0435\", \"\\u0426\\u0435\\u043d\\u0430\"]}}]"
  }
},
{
  "model": "admin.logentry",
  "pk": 65,
  "fields": {
    "action_time": "2024-10-28T09:13:11.824Z",
    "user": 1,
    "content_type": 11,
    "object_id": "1",
    "object_repr": "Пончиков Дмитрий",
    "action_flag": 1,
    "change_message": "[{\"added\": {}}]"
  }
},
{
  "model": "admin.logentry",
  "pk": 66,
  "fields": {
    "action_time": "2024-10-28T09:13:52.907Z",
    "user": 1,
    "content_type": 11,
    "object_id": "2",
    "object_repr": "Миротов Денис",
    "action_flag": 1,
    "change_message": "[{\"added\": {}}]"
  }
},
{
  "model": "admin.logentry",
  "pk": 67,
  "fields": {
    "action_time": "2024-10-28T09:14:24.506Z",
    "user": 1,
    "content_type": 11,
    "object_id": "3",
    "object_repr": "Костянов Сергей",
    "action_flag": 1,
    "change_message": "[{\"added\": {}}]"
  }
},
{
  "model": "admin.logentry",
  "pk": 68,
  "fields": {
    "action_time": "2024-10-28T09:15:00.648Z",
    "user": 1,
    "content_type": 11,
    "object_id": "4",
    "object_repr": "Лямов Иван",
    "action_flag": 1,
    "change_message": "[{\"added\": {}}]"
  }
},
{
  "model": "admin.logentry",
  "pk": 69,
  "fields": {
    "action_time": "2024-10-28T09:15:55.423Z",
    "user": 1,
    "content_type": 11,
    "object_id": "4",
    "object_repr": "Лямов Иван",
    "action_flag": 2,
    "change_message": "[{\"changed\": {\"fields\": [\"\\u0422\\u0435\\u043b\\u0435\\u0444\\u043e\\u043d\"]}}]"
  }
},
{
  "model": "admin.logentry",
  "pk": 70,
  "fields": {
    "action_time": "2024-10-30T13:29:04.312Z",
    "user": 1,
    "content_type": 9,
    "object_id": "4",
    "object_repr": "Лямов Иван",
    "action_flag": 2,
    "change_message": "[{\"changed\": {\"fields\": [\"\\u0424\\u043e\\u0442\\u043e\"]}}]"
  }
},
{
  "model": "admin.logentry",
  "pk": 71,
  "fields": {
    "action_time": "2024-10-30T13:35:31.296Z",
    "user": 1,
    "content_type": 9,
    "object_id": "3",
    "object_repr": "Костянов Сергей",
    "action_flag": 2,
    "change_message": "[{\"changed\": {\"fields\": [\"\\u0424\\u043e\\u0442\\u043e\"]}}]"
  }
},
{
  "model": "admin.logentry",
  "pk": 72,
  "fields": {
    "action_time": "2024-10-30T13:35:38.441Z",
    "user": 1,
    "content_type": 9,
    "object_id": "2",
    "object_repr": "Миротов Денис",
    "action_flag": 2,
    "change_message": "[{\"changed\": {\"fields\": [\"\\u0424\\u043e\\u0442\\u043e\"]}}]"
  }
},
{
  "model": "admin.logentry",
  "pk": 73,
  "fields": {
    "action_time": "2024-10-30T13:35:45.396Z",
    "user": 1,
    "content_type": 9,
    "object_id": "1",
    "object_repr": "Пончиков Дмитрий",
    "action_flag": 2,
    "change_message": "[{\"changed\": {\"fields\": [\"\\u0424\\u043e\\u0442\\u043e\"]}}]"
  }
},
{
  "model": "admin.logentry",
  "pk": 74,
  "fields": {
    "action_time": "2024-10-30T13:39:02.611Z",
    "user": 1,
    "content_type": 9,
    "object_id": "4",
    "object_repr": "Лямов Иван",
    "action_flag": 2,
    "change_message": "[{\"changed\": {\"fields\": [\"\\u0420\\u0430\\u0431\\u043e\\u0442\\u0430\\u0435\\u0442\"]}}]"
  }
},
{
  "model": "admin.logentry",
  "pk": 75,
  "fields": {
    "action_time": "2024-10-30T13:39:17.836Z",
    "user": 1,
    "content_type": 9,
    "object_id": "4",
    "object_repr": "Лямов Иван",
    "action_flag": 2,
    "change_message": "[{\"changed\": {\"fields\": [\"\\u0420\\u0430\\u0431\\u043e\\u0442\\u0430\\u0435\\u0442\"]}}]"
  }
},
{
  "model": "admin.logentry",
  "pk": 76,
  "fields": {
    "action_time": "2024-10-30T15:26:22.888Z",
    "user": 1,
    "content_type": 12,
    "object_id": "1",
    "object_repr": "Отзыв от Виталий (30.10.2024)",
    "action_flag": 2,
    "change_message": "[{\"changed\": {\"fields\": [\"\\u0421\\u0442\\u0430\\u0442\\u0443\\u0441\"]}}]"
  }
},
{
  "model": "admin.logentry",
  "pk": 77,
  "fields": {
    "action_time": "2024-10-31T10:08:22.076Z",
    "user": 1,
    "content_type": 12,
    "object_id": "2",
    "object_repr": "Отзыв от Егор (31.10.2024)",
    "action_flag": 2,
    "change_message": "[{\"changed\": {\"fields\": [\"\\u0421\\u0442\\u0430\\u0442\\u0443\\u0441\"]}}]"
  }
},
{
  "model": "admin.logentry",
  "pk": 78,
  "fields": {
    "action_time": "2024-10-31T10:12:04.246Z",
    "user": 1,
    "content_type": 12,
    "object_id": "3",
    "object_repr": "Отзыв от Антон (31.10.2024)",
    "action_flag": 2,
    "change_message": "[{\"changed\": {\"fields\": [\"\\u0421\\u0442\\u0430\\u0442\\u0443\\u0441\"]}}]"
  }
},
{
  "model": "admin.logentry",
  "pk": 79,
  "fields": {
    "action_time": "2024-10-31T10:45:01.061Z",
    "user": 1,
    "content_type": 12,
    "object_id": "4",
    "object_repr": "Отзыв от Александр (31.10.2024)",
    "action_flag": 2,
    "change_message": "[{\"changed\": {\"fields\": [\"\\u0421\\u0442\\u0430\\u0442\\u0443\\u0441\"]}}]"
  }
},
{
  "model": "admin.logentry",
  "pk": 80,
  "fields": {
    "action_time": "2024-10-31T10:47:51.811Z",
    "user": 1,
    "content_type": 8,
    "object_id": "25",
    "object_repr": "Индивидуально",
    "action_flag": 1,
    "change_message": "[{\"added\": {}}]"
  }
},
{
  "model": "admin.logentry",
  "pk": 81,
  "fields": {
    "action_time": "2024-10-31T10:47:54.795Z",
    "user": 1,
    "content_type": 7,
    "object_id": "5",
    "object_repr": "Индивидуально",
    "action_flag": 1,
    "change_message": "[{\"added\": {}}]"
  }
},
{
  "model": "auth.permission",
  "pk": 1,
  "fields": {
    "name": "Can add log entry",
    "content_type": 1,
    "codename": "add_logentry"
  }
},
{
  "model": "auth.permission",
  "pk": 2,
  "fields": {
    "name": "Can change log entry",
    "content_type": 1,
    "codename": "change_logentry"
  }
},
{
  "model": "auth.permission",
  "pk": 3,
  "fields": {
    "name": "Can delete log entry",
    "content_type": 1,
    "codename": "delete_logentry"
  }
},
{
  "model": "auth.permission",
  "pk": 4,
  "fields": {
    "name": "Can view log entry",
    "content_type": 1,
    "codename": "view_logentry"
  }
},
{
  "model": "auth.permission",
  "pk": 5,
  "fields": {
    "name": "Can add permission",
    "content_type": 2,
    "codename": "add_permission"
  }
},
{
  "model": "auth.permission",
  "pk": 6,
  "fields": {
    "name": "Can change permission",
    "content_type": 2,
    "codename": "change_permission"
  }
},
{
  "model": "auth.permission",
  "pk": 7,
  "fields": {
    "name": "Can delete permission",
    "content_type": 2,
    "codename": "delete_permission"
  }
},
{
  "model": "auth.permission",
  "pk": 8,
  "fields": {
    "name": "Can view permission",
    "content_type": 2,
    "codename": "view_permission"
  }
},
{
  "model": "auth.permission",
  "pk": 9,
  "fields": {
    "name": "Can add group",
    "content_type": 3,
    "codename": "add_group"
  }
},
{
  "model": "auth.permission",
  "pk": 10,
  "fields": {
    "name": "Can change group",
    "content_type": 3,
    "codename": "change_group"
  }
},
{
  "model": "auth.permission",
  "pk": 11,
  "fields": {
    "name": "Can delete group",
    "content_type": 3,
    "codename": "delete_group"
  }
},
{
  "model": "auth.permission",
  "pk": 12,
  "fields": {
    "name": "Can view group",
    "content_type": 3,
    "codename": "view_group"
  }
},
{
  "model": "auth.permission",
  "pk": 13,
  "fields": {
    "name": "Can add user",
    "content_type": 4,
    "codename": "add_user"
  }
},
{
  "model": "auth.permission",
  "pk": 14,
  "fields": {
    "name": "Can change user",
    "content_type": 4,
    "codename": "change_user"
  }
},
{
  "model": "auth.permission",
  "pk": 15,
  "fields": {
    "name": "Can delete user",
    "content_type": 4,
    "codename": "delete_user"
  }
},
{
  "model": "auth.permission",
  "pk": 16,
  "fields": {
    "name": "Can view user",
    "content_type": 4,
    "codename": "view_user"
  }
},
{
  "model": "auth.permission",
  "pk": 17,
  "fields": {
    "name": "Can add content type",
    "content_type": 5,
    "codename": "add_contenttype"
  }
},
{
  "model": "auth.permission",
  "pk": 18,
  "fields": {
    "name": "Can change content type",
    "content_type": 5,
    "codename": "change_contenttype"
  }
},
{
  "model": "auth.permission",
  "pk": 19,
  "fields": {
    "name": "Can delete content type",
    "content_type": 5,
    "codename": "delete_contenttype"
  }
},
{
  "model": "auth.permission",
  "pk": 20,
  "fields": {
    "name": "Can view content type",
    "content_type": 5,
    "codename": "view_contenttype"
  }
},
{
  "model": "auth.permission",
  "pk": 21,
  "fields": {
    "name": "Can add session",
    "content_type": 6,
    "codename": "add_session"
  }
},
{
  "model": "auth.permission",
  "pk": 22,
  "fields": {
    "name": "Can change session",
    "content_type": 6,
    "codename": "change_session"
  }
},
{
  "model": "auth.permission",
  "pk": 23,
  "fields": {
    "name": "Can delete session",
    "content_type": 6,
    "codename": "delete_session"
  }
},
{
  "model": "auth.permission",
  "pk": 24,
  "fields": {
    "name": "Can view session",
    "content_type": 6,
    "codename": "view_session"
  }
},
{
  "model": "auth.permission",
  "pk": 25,
  "fields": {
    "name": "Can add Услуга",
    "content_type": 7,
    "codename": "add_service"
  }
},
{
  "model": "auth.permission",
  "pk": 26,
  "fields": {
    "name": "Can change Услуга",
    "content_type": 7,
    "codename": "change_service"
  }
},
{
  "model": "auth.permission",
  "pk": 27,
  "fields": {
    "name": "Can delete Услуга",
    "content_type": 7,
    "codename": "delete_service"
  }
},
{
  "model": "auth.permission",
  "pk": 28,
  "fields": {
    "name": "Can view Услуга",
    "content_type": 7,
    "codename": "view_service"
  }
},
{
  "model": "auth.permission",
  "pk": 29,
  "fields": {
    "name": "Can add Раздел",
    "content_type": 8,
    "codename": "add_section"
  }
},
{
  "model": "auth.permission",
  "pk": 30,
  "fields": {
    "name": "Can change Раздел",
    "content_type": 8,
    "codename": "change_section"
  }
},
{
  "model": "auth.permission",
  "pk": 31,
  "fields": {
    "name": "Can delete Раздел",
    "content_type": 8,
    "codename": "delete_section"
  }
},
{
  "model": "auth.permission",
  "pk": 32,
  "fields": {
    "name": "Can view Раздел",
    "content_type": 8,
    "codename": "view_section"
  }
},
{
  "model": "auth.permission",
  "pk": 33,
  "fields": {
    "name": "Can add Запись",
    "content_type": 9,
    "codename": "add_visit"
  }
},
{
  "model": "auth.permission",
  "pk": 34,
  "fields": {
    "name": "Can change Запись",
    "content_type": 9,
    "codename": "change_visit"
  }
},
{
  "model": "auth.permission",
  "pk": 35,
  "fields": {
    "name": "Can delete Запись",
    "content_type": 9,
    "codename": "delete_visit"
  }
},
{
  "model": "auth.permission",
  "pk": 36,
  "fields": {
    "name": "Can view Запись",
    "content_type": 9,
    "codename": "view_visit"
  }
},
{
  "model": "auth.permission",
  "pk": 37,
  "fields": {
    "name": "Can add note",
    "content_type": 10,
    "codename": "add_note"
  }
},
{
  "model": "auth.permission",
  "pk": 38,
  "fields": {
    "name": "Can change note",
    "content_type": 10,
    "codename": "change_note"
  }
},
{
  "model": "auth.permission",
  "pk": 39,
  "fields": {
    "name": "Can delete note",
    "content_type": 10,
    "codename": "delete_note"
  }
},
{
  "model": "auth.permission",
  "pk": 40,
  "fields": {
    "name": "Can view note",
    "content_type": 10,
    "codename": "view_note"
  }
},
{
  "model": "auth.permission",
  "pk": 41,
  "fields": {
    "name": "Can add Сотрудник",
    "content_type": 11,
    "codename": "add_employee"
  }
},
{
  "model": "auth.permission",
  "pk": 42,
  "fields": {
    "name": "Can change Сотрудник",
    "content_type": 11,
    "codename": "change_employee"
  }
},
{
  "model": "auth.permission",
  "pk": 43,
  "fields": {
    "name": "Can delete Сотрудник",
    "content_type": 11,
    "codename": "delete_employee"
  }
},
{
  "model": "auth.permission",
  "pk": 44,
  "fields": {
    "name": "Can view Сотрудник",
    "content_type": 11,
    "codename": "view_employee"
  }
},
{
  "model": "auth.permission",
  "pk": 45,
  "fields": {
    "name": "Can add Раздел",
    "content_type": 7,
    "codename": "add_section"
  }
},
{
  "model": "auth.permission",
  "pk": 46,
  "fields": {
    "name": "Can change Раздел",
    "content_type": 7,
    "codename": "change_section"
  }
},
{
  "model": "auth.permission",
  "pk": 47,
  "fields": {
    "name": "Can delete Раздел",
    "content_type": 7,
    "codename": "delete_section"
  }
},
{
  "model": "auth.permission",
  "pk": 48,
  "fields": {
    "name": "Can view Раздел",
    "content_type": 7,
    "codename": "view_section"
  }
},
{
  "model": "auth.permission",
  "pk": 49,
  "fields": {
    "name": "Can add Услуга",
    "content_type": 8,
    "codename": "add_service"
  }
},
{
  "model": "auth.permission",
  "pk": 50,
  "fields": {
    "name": "Can change Услуга",
    "content_type": 8,
    "codename": "change_service"
  }
},
{
  "model": "auth.permission",
  "pk": 51,
  "fields": {
    "name": "Can delete Услуга",
    "content_type": 8,
    "codename": "delete_service"
  }
},
{
  "model": "auth.permission",
  "pk": 52,
  "fields": {
    "name": "Can view Услуга",
    "content_type": 8,
    "codename": "view_service"
  }
},
{
  "model": "auth.permission",
  "pk": 53,
  "fields": {
    "name": "Can add Сотрудник",
    "content_type": 9,
    "codename": "add_employee"
  }
},
{
  "model": "auth.permission",
  "pk": 54,
  "fields": {
    "name": "Can change Сотрудник",
    "content_type": 9,
    "codename": "change_employee"
  }
},
{
  "model": "auth.permission",
  "pk": 55,
  "fields": {
    "name": "Can delete Сотрудник",
    "content_type": 9,
    "codename": "delete_employee"
  }
},
{
  "model": "auth.permission",
  "pk": 56,
  "fields": {
    "name": "Can view Сотрудник",
    "content_type": 9,
    "codename": "view_employee"
  }
},
{
  "model": "auth.permission",
  "pk": 57,
  "fields": {
    "name": "Can add Запись",
    "content_type": 10,
    "codename": "add_visit"
  }
},
{
  "model": "auth.permission",
  "pk": 58,
  "fields": {
    "name": "Can change Запись",
    "content_type": 10,
    "codename": "change_visit"
  }
},
{
  "model": "auth.permission",
  "pk": 59,
  "fields": {
    "name": "Can delete Запись",
    "content_type": 10,
    "codename": "delete_visit"
  }
},
{
  "model": "auth.permission",
  "pk": 60,
  "fields": {
    "name": "Can view Запись",
    "content_type": 10,
    "codename": "view_visit"
  }
},
{
  "model": "auth.permission",
  "pk": 61,
  "fields": {
    "name": "Can add Заметка",
    "content_type": 11,
    "codename": "add_note"
  }
},
{
  "model": "auth.permission",
  "pk": 62,
  "fields": {
    "name": "Can change Заметка",
    "content_type": 11,
    "codename": "change_note"
  }
},
{
  "model": "auth.permission",
  "pk": 63,
  "fields": {
    "name": "Can delete Заметка",
    "content_type": 11,
    "codename": "delete_note"
  }
},
{
  "model": "auth.permission",
  "pk": 64,
  "fields": {
    "name": "Can view Заметка",
    "content_type": 11,
    "codename": "view_note"
  }
},
{
  "model": "auth.permission",
  "pk": 65,
  "fields": {
    "name": "Can add Отзыв",
    "content_type": 12,
    "codename": "add_review"
  }
},
{
  "model": "auth.permission",
  "pk": 66,
  "fields": {
    "name": "Can change Отзыв",
    "content_type": 12,
    "codename": "change_review"
  }
},
{
  "model": "auth.permission",
  "pk": 67,
  "fields": {
    "name": "Can delete Отзыв",
    "content_type": 12,
    "codename": "delete_review"
  }
},
{
  "model": "auth.permission",
  "pk": 68,
  "fields": {
    "name": "Can view Отзыв",
    "content_type": 12,
    "codename": "view_review"
  }
},
{
  "model": "auth.group",
  "pk": 1,
  "fields": {
    "name": "Администратор",
    "permissions": [
      34,
      36
    ]
  }
},
{
  "model": "auth.user",
  "pk": 1,
  "fields": {
    "password": "pbkdf2_sha256$870000$U7FPOTgVc4ZtWicLpZg0AN$IIAI6ExbehwlW/hEvKAmrDH58ERAuneB/WjvbU80alU=",
    "last_login": "2024-10-30T08:25:53.357Z",
    "is_superuser": true,
    "username": "admin",
    "first_name": "",
    "last_name": "",
    "email": "vit.7899@mail.ru",
    "is_staff": true,
    "is_active": true,
    "date_joined": "2024-10-21T10:45:41Z",
    "groups": [],
    "user_permissions": []
  }
},
{
  "model": "auth.user",
  "pk": 2,
  "fields": {
    "password": "pbkdf2_sha256$870000$NAIWqEY5M7F6Mv7FXeAFnk$OsxvRv2cUEc9+PeMQ7ok0/sztJ4ca7c7WTjG0TTVaq0=",
    "last_login": "2024-10-26T10:36:07.154Z",
    "is_superuser": false,
    "username": "user1",
    "first_name": "",
    "last_name": "",
    "email": "user1@ad.ru",
    "is_staff": true,
    "is_active": true,
    "date_joined": "2024-10-21T11:47:13Z",
    "groups": [
      1
    ],
    "user_permissions": []
  }
},
{
  "model": "auth.user",
  "pk": 3,
  "fields": {
    "password": "pbkdf2_sha256$870000$fjBBOrqRn2LZ8m6b6R6g77$q/MGfEHslvottGH2KMgbNDzbVYqhUAq4FLsBh8YnBMw=",
    "last_login": "2024-10-21T11:55:07.541Z",
    "is_superuser": false,
    "username": "user2",
    "first_name": "",
    "last_name": "",
    "email": "user2@ad.ru",
    "is_staff": false,
    "is_active": true,
    "date_joined": "2024-10-21T11:48:46.721Z",
    "groups": [],
    "user_permissions": []
  }
},
{
  "model": "auth.user",
  "pk": 4,
  "fields": {
    "password": "pbkdf2_sha256$870000$ZaxJjaaZMgvQqczPhJPpNc$Vs2ifFtspaFo1Ve4j5au64vFZ8mI9WzCoUGCnO2K6mk=",
    "last_login": "2024-10-26T10:39:18.426Z",
    "is_superuser": false,
    "username": "user4",
    "first_name": "",
    "last_name": "",
    "email": "user4@ad.ru",
    "is_staff": false,
    "is_active": true,
    "date_joined": "2024-10-26T10:38:52.655Z",
    "groups": [],
    "user_permissions": []
  }
},
{
  "model": "auth.user",
  "pk": 5,
  "fields": {
    "password": "pbkdf2_sha256$870000$o4pMtttNaHFSxGol9AruyW$1t88rC6LrpOLQkMyllP8Ed4jCNdEGfWz9jT5pu3x9bk=",
    "last_login": "2024-10-28T09:50:30.394Z",
    "is_superuser": false,
    "username": "user3",
    "first_name": "",
    "last_name": "",
    "email": "user3@ad.ru",
    "is_staff": false,
    "is_active": true,
    "date_joined": "2024-10-28T09:47:32.035Z",
    "groups": [],
    "user_permissions": []
  }
},
{
  "model": "auth.user",
  "pk": 6,
  "fields": {
    "password": "pbkdf2_sha256$870000$qofluBAzJtb4hKp2sqFGQS$NKsDtCSgUpQFh+yhOpntGA+XEWPVLABnQ8COBk2+L9c=",
    "last_login": "2024-10-29T08:55:22.808Z",
    "is_superuser": false,
    "username": "user5",
    "first_name": "",
    "last_name": "",
    "email": "user5@ad.ru",
    "is_staff": false,
    "is_active": true,
    "date_joined": "2024-10-29T08:54:59.565Z",
    "groups": [],
    "user_permissions": []
  }
},
{
  "model": "contenttypes.contenttype",
  "pk": 1,
  "fields": {
    "app_label": "admin",
    "model": "logentry"
  }
},
{
  "model": "contenttypes.contenttype",
  "pk": 2,
  "fields": {
    "app_label": "auth",
    "model": "permission"
  }
},
{
  "model": "contenttypes.contenttype",
  "pk": 3,
  "fields": {
    "app_label": "auth",
    "model": "group"
  }
},
{
  "model": "contenttypes.contenttype",
  "pk": 4,
  "fields": {
    "app_label": "auth",
    "model": "user"
  }
},
{
  "model": "contenttypes.contenttype",
  "pk": 5,
  "fields": {
    "app_label": "contenttypes",
    "model": "contenttype"
  }
},
{
  "model": "contenttypes.contenttype",
  "pk": 6,
  "fields": {
    "app_label": "sessions",
    "model": "session"
  }
},
{
  "model": "contenttypes.contenttype",
  "pk": 7,
  "fields": {
    "app_label": "STOservice",
    "model": "section"
  }
},
{
  "model": "contenttypes.contenttype",
  "pk": 8,
  "fields": {
    "app_label": "STOservice",
    "model": "service"
  }
},
{
  "model": "contenttypes.contenttype",
  "pk": 9,
  "fields": {
    "app_label": "STOservice",
    "model": "employee"
  }
},
{
  "model": "contenttypes.contenttype",
  "pk": 10,
  "fields": {
    "app_label": "STOservice",
    "model": "visit"
  }
},
{
  "model": "contenttypes.contenttype",
  "pk": 11,
  "fields": {
    "app_label": "user",
    "model": "note"
  }
},
{
  "model": "contenttypes.contenttype",
  "pk": 12,
  "fields": {
    "app_label": "STOservice",
    "model": "review"
  }
},
{
  "model": "sessions.session",
  "pk": "55jwmgbds3ziwlobd898b0fy008xo3d4",
  "fields": {
    "session_data": ".eJxVjDsOgzAQRO_iOrLWNvZCyvScwdr1JyaJjIShinL3gESRdKN5b-YtPG1r8VtLi5-iuAolLr8dU3imeoD4oHqfZZjrukwsD0WetMlxjul1O92_g0Kt7GttKSN2CYD6lInAOWDTmaCCAUtaOe73iJEHtMpqNHmADgJyYkQE8fkC01s3KQ:1t4hCQ:edctvTJopM3b8pUIE9v_UHKpUbnEbaq3MxZbWqpvdXE",
    "expire_date": "2024-11-09T13:51:26.861Z"
  }
},
{
  "model": "sessions.session",
  "pk": "9ak23lps2ad7plj22yqsh5reonaagght",
  "fields": {
    "session_data": ".eJxVjDsOgzAQRO_iOrLWNvZCyvScwdr1JyaJjIShinL3gESRdKN5b-YtPG1r8VtLi5-iuAolLr8dU3imeoD4oHqfZZjrukwsD0WetMlxjul1O92_g0Kt7GttKSN2CYD6lInAOWDTmaCCAUtaOe73iJEHtMpqNHmADgJyYkQE8fkC01s3KQ:1t440E:IdboA7gLOxKQ5k2kSaCE84ox9Ys6HLvJGhI-L5Flf7c",
    "expire_date": "2024-11-07T20:00:14.929Z"
  }
},
{
  "model": "sessions.session",
  "pk": "gqyx1lzpqglt0dllfpj2nbns9lxsszat",
  "fields": {
    "session_data": ".eJxVjMsOwiAQRf-FtSEMj0JduvcbyDADUjU0Ke3K-O_apAvd3nPOfYmI21rj1vMSJxZnAeL0uyWkR2474Du22yxpbusyJbkr8qBdXmfOz8vh_h1U7PVbI5fRWaDBIXsGCwwUigLg7I03yiJo50fSQFBYZZOTN5CKxQBDsFq8P-JwN4k:1t5MTd:B0jrvtDY31tzRtvrabFMjQn4hH779FtGRbOkYhvD6-Q",
    "expire_date": "2024-11-11T09:55:57.801Z"
  }
},
{
  "model": "sessions.session",
  "pk": "io31ft2yv3vtihcafvpijym64bfm5xgt",
  "fields": {
    "session_data": ".eJxVjDsOwjAQBe_iGllr4y8lfc5g2btrEkC2lE-FuDtESgHtm5n3Eilv65i2hec0kbgIJU6_W8n44LYDuud26xJ7W-epyF2RB13k0Imf18P9OxjzMn7rShWYbAa0kb0PxjqoyhpPgbBEYNYI0TjNFhkyQ9WGMQBhVGd2Xrw__KU4ag:1t641Z:qcvEdBlzR6n50OUCz-xvtQ_rLbGhfZahl3PpHnpXXP4",
    "expire_date": "2024-11-13T08:25:53.359Z"
  }
},
{
  "model": "STOservice.visit",
  "pk": 1,
  "fields": {
    "name": "Виталий",
    "phone": "89999999999",
    "brand": "Тесла",
    "number_plate": "А050АА",
    "comment": "вапвап",
    "created_at": "2024-10-21T11:05:45.910Z",
    "updated_at": "2024-10-21T11:05:45.910Z",
    "status": 0,
    "section": 1,
    "services": [
      2,
      3
    ]
  }
},
{
  "model": "STOservice.visit",
  "pk": 2,
  "fields": {
    "name": "Саня",
    "phone": "89999999991",
    "brand": "Жигули 2105",
    "number_plate": "П124АК",
    "comment": "Подвеска стучит",
    "created_at": "2024-10-21T11:07:58.908Z",
    "updated_at": "2024-10-26T09:47:56.336Z",
    "status": 3,
    "section": 3,
    "services": [
      16,
      17,
      18
    ]
  }
},
{
  "model": "STOservice.visit",
  "pk": 3,
  "fields": {
    "name": "Маша",
    "phone": "89999934999",
    "brand": "Тайота",
    "number_plate": "А433РП",
    "comment": "Ремонт",
    "created_at": "2024-10-21T11:28:58.339Z",
    "updated_at": "2024-10-26T09:49:51.700Z",
    "status": 3,
    "section": 2,
    "services": [
      8
    ]
  }
},
{
  "model": "STOservice.visit",
  "pk": 4,
  "fields": {
    "name": "Дима",
    "phone": "81999919912",
    "brand": "Ниссан",
    "number_plate": "А050АА",
    "comment": "Проверка",
    "created_at": "2024-10-21T11:29:31.940Z",
    "updated_at": "2024-10-26T09:52:54.023Z",
    "status": 2,
    "section": 4,
    "services": [
      22
    ]
  }
},
{
  "model": "STOservice.visit",
  "pk": 5,
  "fields": {
    "name": "Дима",
    "phone": "89999999965",
    "brand": "Тесла",
    "number_plate": "А737КУ",
    "comment": "Шины",
    "created_at": "2024-10-21T11:30:00.955Z",
    "updated_at": "2024-10-26T09:53:10.716Z",
    "status": 3,
    "section": 1,
    "services": [
      1
    ]
  }
},
{
  "model": "STOservice.visit",
  "pk": 6,
  "fields": {
    "name": "Алиса",
    "phone": "89999999993",
    "brand": "Не знаю",
    "number_plate": "В367ОВ",
    "comment": "Посмотреть",
    "created_at": "2024-10-21T11:30:30.478Z",
    "updated_at": "2024-10-26T09:58:14.124Z",
    "status": 3,
    "section": 3,
    "services": [
      13,
      14,
      15
    ]
  }
},
{
  "model": "STOservice.visit",
  "pk": 7,
  "fields": {
    "name": "Игорь",
    "phone": "83399999956",
    "brand": "Тайота",
    "number_plate": "Р623НА",
    "comment": "Все гремит и стучит",
    "created_at": "2024-10-26T09:54:30.934Z",
    "updated_at": "2024-10-26T09:58:54.016Z",
    "status": 0,
    "section": 3,
    "services": [
      13,
      14,
      17,
      18
    ]
  }
},
{
  "model": "STOservice.visit",
  "pk": 8,
  "fields": {
    "name": "Дмитрий",
    "phone": "89999999944",
    "brand": "Форд Фокус",
    "number_plate": "Т522ВВ",
    "comment": "Замена фар",
    "created_at": "2024-10-26T09:56:29.890Z",
    "updated_at": "2024-10-26T09:56:29.890Z",
    "status": 0,
    "section": 4,
    "services": [
      20
    ]
  }
},
{
  "model": "STOservice.visit",
  "pk": 9,
  "fields": {
    "name": "Александр",
    "phone": "89999999922",
    "brand": "BMW",
    "number_plate": "В111НУ",
    "comment": "Царапины на капоте и бампере",
    "created_at": "2024-10-26T12:47:35.395Z",
    "updated_at": "2024-10-28T08:19:22.851Z",
    "status": 1,
    "section": 2,
    "services": [
      12
    ]
  }
},
{
  "model": "STOservice.visit",
  "pk": 10,
  "fields": {
    "name": "Виталий",
    "phone": "89999999912",
    "brand": "Митсубиси",
    "number_plate": "М345МА",
    "comment": "Тонировка",
    "created_at": "2024-10-28T09:36:28.608Z",
    "updated_at": "2024-10-28T09:36:28.608Z",
    "status": 0,
    "section": 4,
    "services": [
      21
    ]
  }
},
{
  "model": "STOservice.visit",
  "pk": 11,
  "fields": {
    "name": "Никита",
    "phone": "89999999534",
    "brand": "Опель Астра",
    "number_plate": "Л374ИП",
    "comment": "Вмятина на двери",
    "created_at": "2024-10-28T10:35:39.588Z",
    "updated_at": "2024-10-28T10:35:39.588Z",
    "status": 0,
    "section": 2,
    "services": [
      8
    ]
  }
},
{
  "model": "STOservice.section",
  "pk": 1,
  "fields": {
    "name": "Шиномонтаж",
    "description": "Работы с шинами, дисками.",
    "services": [
      1,
      2,
      3,
      4,
      5,
      6
    ]
  }
},
{
  "model": "STOservice.section",
  "pk": 2,
  "fields": {
    "name": "Кузовные работы",
    "description": "Работы с кузовными элементами.",
    "services": [
      7,
      8,
      9,
      10,
      11,
      12
    ]
  }
},
{
  "model": "STOservice.section",
  "pk": 3,
  "fields": {
    "name": "Подвесная составляющая автомобиля",
    "description": "Работы с подвеской.",
    "services": [
      13,
      14,
      15,
      16,
      17,
      18
    ]
  }
},
{
  "model": "STOservice.section",
  "pk": 4,
  "fields": {
    "name": "Дополнительные услуги",
    "description": "Работы с электрикой, фарами. Тонировка, ТО.",
    "services": [
      19,
      20,
      21,
      22,
      23,
      24
    ]
  }
},
{
  "model": "STOservice.section",
  "pk": 5,
  "fields": {
    "name": "Индивидуально",
    "description": "Индивидуальное решение вопросов с клиентом.",
    "services": [
      25
    ]
  }
},
{
  "model": "STOservice.service",
  "pk": 1,
  "fields": {
    "name": "Демонтаж резины с диска",
    "description": "Процесс снятия повреждённой резины с диска с целью замены её на новую шину и накачки давления до необходимого показателя.",
    "price": "300.00"
  }
},
{
  "model": "STOservice.service",
  "pk": 2,
  "fields": {
    "name": "Балансировка колес",
    "description": "Процедура, позволяющая добиться комфортного вождения путём исключения вибраций от колёс на руль и кузов автомобиля.",
    "price": "500.00"
  }
},
{
  "model": "STOservice.service",
  "pk": 3,
  "fields": {
    "name": "Ремонт шин",
    "description": "Комплекс действий, направленных на восстановление покрышки при различных повреждениях.",
    "price": "1600.00"
  }
},
{
  "model": "STOservice.service",
  "pk": 4,
  "fields": {
    "name": "Шиповка",
    "description": "Процедура восстановления отдельных шипов или полного обновления колёс.",
    "price": "2300.00"
  }
},
{
  "model": "STOservice.service",
  "pk": 5,
  "fields": {
    "name": "Сезонная замена колес",
    "description": "Процедура адаптации автомобиля к погодным и дорожным условиям, которые меняются в зависимости от сезона.",
    "price": "900.00"
  }
},
{
  "model": "STOservice.service",
  "pk": 6,
  "fields": {
    "name": "Очистка дисков от загрязнений",
    "description": "Процесс удаления различных типов загрязнений с колёсных дисков транспортного средства.",
    "price": "400.00"
  }
},
{
  "model": "STOservice.service",
  "pk": 7,
  "fields": {
    "name": "Косметический ремонт",
    "description": "Косметический ремонт предполагает всего 2 процедуры - покраску и полировку. Покраска может быть локальной, когда восстанавливается определенный фрагмент, или полной - когда краску наносят сразу на всю кузовную поверхность. Полировка проводится с использованием специальных средств, которые скрывают переход между старой и новой краской, а также устраняют царапины и неглубокие дефекты.",
    "price": "3800.00"
  }
},
{
  "model": "STOservice.service",
  "pk": 8,
  "fields": {
    "name": "Локальный ремонт",
    "description": "Небольшие вмятины чаще всего «лечатся» вакуумным методом — с помощью специальных присосок, которыми дефект вытягивается в противоположную сторону. Иногда вместо присосок используется временный легкоудаляющийся клей. В более сложных случаях применяются крючья-рычаги, которыми вмятина выдавливается с обратной стороны.",
    "price": "4700.00"
  }
},
{
  "model": "STOservice.service",
  "pk": 9,
  "fields": {
    "name": "Рихтовка",
    "description": "Процедура восстановления деформированных металлических поверхностей кузова транспортного средства.",
    "price": "6000.00"
  }
},
{
  "model": "STOservice.service",
  "pk": 10,
  "fields": {
    "name": "Восстановление геометрии кузова",
    "description": "Проверка геометрии кузова и выявление областей её нарушения. Для этого производят измерения кузова между контрольными точками.\r\nВнешний осмотр автомобиля и определение порядка нанесения повреждений.\r\nУстановка автомобиля на стапель. Транспортное средство принимает ровное горизонтальное положение и крепко фиксируется.\r\nПри необходимости — разборка некоторых участков для доступа к ремонтируемой области.\r\nВытягивание и восстановление повреждённых участков с помощью возможностей стапеля.\r\nЗамена повреждённых элементов (при необходимости).",
    "price": "10000.00"
  }
},
{
  "model": "STOservice.service",
  "pk": 11,
  "fields": {
    "name": "Капитальный ремонт",
    "description": "Проведение массы сопутствующих работ по разборке, ремонту повреждённых или изношенных деталей, их замене, покраске, сборке и т.д.",
    "price": "4444.00"
  }
},
{
  "model": "STOservice.service",
  "pk": 12,
  "fields": {
    "name": "Удаление царапин",
    "description": "Процесс устранения повреждений на лакокрасочном покрытии автомобиля.",
    "price": "2700.00"
  }
},
{
  "model": "STOservice.service",
  "pk": 13,
  "fields": {
    "name": "Передний узел",
    "description": "Осмотр, выявление неполадок, замена, устранение.",
    "price": "1300.00"
  }
},
{
  "model": "STOservice.service",
  "pk": 14,
  "fields": {
    "name": "Амортизаторы",
    "description": "Осмотр, выявление неполадок, замена, устранение.",
    "price": "1500.00"
  }
},
{
  "model": "STOservice.service",
  "pk": 15,
  "fields": {
    "name": "Наконечники, опоры",
    "description": "Осмотр, выявление неполадок, замена, устранение.",
    "price": "1000.00"
  }
},
{
  "model": "STOservice.service",
  "pk": 16,
  "fields": {
    "name": "Рычаги",
    "description": "Осмотр, выявление неполадок, замена, устранение.",
    "price": "1000.00"
  }
},
{
  "model": "STOservice.service",
  "pk": 17,
  "fields": {
    "name": "Подшипники",
    "description": "Осмотр, выявление неполадок, замена, устранение.",
    "price": "1000.00"
  }
},
{
  "model": "STOservice.service",
  "pk": 18,
  "fields": {
    "name": "Задний механизм",
    "description": "Осмотр, выявление неполадок, замена, устранение.",
    "price": "1000.00"
  }
},
{
  "model": "STOservice.service",
  "pk": 19,
  "fields": {
    "name": "Автоэлектрика",
    "description": "Все виды работ связанные с проводами.",
    "price": "2000.00"
  }
},
{
  "model": "STOservice.service",
  "pk": 20,
  "fields": {
    "name": "Регулировка фар",
    "description": "Процедура по настройке угла и направления потока света фар автомобиля.",
    "price": "1700.00"
  }
},
{
  "model": "STOservice.service",
  "pk": 21,
  "fields": {
    "name": "Тонировка стекол",
    "description": "Нанесение на стекла специальных материалов-светофильтров, изменяющих их цветность и светопропускные свойства.",
    "price": "1500.00"
  }
},
{
  "model": "STOservice.service",
  "pk": 22,
  "fields": {
    "name": "Техническое обслуживание по пробегу",
    "description": "Технический смысл заключается в проведении функциональных проверок, обслуживании, ремонте или замене необходимых устройств, оборудования в автомобиле.",
    "price": "2300.00"
  }
},
{
  "model": "STOservice.service",
  "pk": 23,
  "fields": {
    "name": "Установка сигнализации",
    "description": "Размещение и подключение компонентов системы, программирование и диагностика.",
    "price": "4200.00"
  }
},
{
  "model": "STOservice.service",
  "pk": 24,
  "fields": {
    "name": "Установка фаркопов",
    "description": "Установка фаркопа в специализированное заводом место и не только. Полный комплект документов.",
    "price": "5000.00"
  }
},
{
  "model": "STOservice.service",
  "pk": 25,
  "fields": {
    "name": "Индивидуально",
    "description": "Индивидуальное решение вопросов с клиентом.",
    "price": "1.00"
  }
},
{
  "model": "STOservice.employee",
  "pk": 1,
  "fields": {
    "image": "employees/14.jpg",
    "first_name": "Дмитрий",
    "last_name": "Пончиков",
    "phone": "+79995559933",
    "position": "Мастер",
    "section": 1,
    "hire_date": "2024-10-17",
    "is_active": true
  }
},
{
  "model": "STOservice.employee",
  "pk": 2,
  "fields": {
    "image": "employees/13.jpg",
    "first_name": "Денис",
    "last_name": "Миротов",
    "phone": "+79117772244",
    "position": "Мастер",
    "section": 2,
    "hire_date": "2024-10-06",
    "is_active": true
  }
},
{
  "model": "STOservice.employee",
  "pk": 3,
  "fields": {
    "image": "employees/12.jpg",
    "first_name": "Сергей",
    "last_name": "Костянов",
    "phone": "+79991199944",
    "position": "Мастер",
    "section": 3,
    "hire_date": "2024-10-27",
    "is_active": true
  }
},
{
  "model": "STOservice.employee",
  "pk": 4,
  "fields": {
    "image": "employees/11.jpg",
    "first_name": "Иван",
    "last_name": "Лямов",
    "phone": "+79999669944",
    "position": "Мастер",
    "section": 4,
    "hire_date": "2024-10-28",
    "is_active": true
  }
},
{
  "model": "STOservice.review",
  "pk": 1,
  "fields": {
    "name": "Виталий",
    "comment": "Обратился в данный сервис для тонирования автомобиля. Работы были сделаны качественно и в срок, цены приемлемые. Сервис рекомендую.",
    "created_at": "2024-10-30T15:25:55.364Z",
    "status": 1
  }
},
{
  "model": "STOservice.review",
  "pk": 2,
  "fields": {
    "name": "Егор",
    "comment": "Проводились работы с подвеской, выявили все неисправности, сразу же все заменили и исправили. Работой доволен.",
    "created_at": "2024-10-31T10:07:55.518Z",
    "status": 1
  }
},
{
  "model": "STOservice.review",
  "pk": 3,
  "fields": {
    "name": "Антон",
    "comment": "Обратился в данный сервис для замены и регулировки фар. Приняли машину ровно по записи. После выполнения работ предоставили документы. Все понравилось. Качественный сервис.",
    "created_at": "2024-10-31T10:11:50.582Z",
    "status": 1
  }
},
{
  "model": "STOservice.review",
  "pk": 4,
  "fields": {
    "name": "Александр",
    "comment": "Проводилась сезонная замена шин. Сотрудники вежливые, все сделали быстро и без замечаний.",
    "created_at": "2024-10-31T10:44:37.405Z",
    "status": 1
  }
},
{
  "model": "user.note",
  "pk": 1,
  "fields": {
    "user": 2,
    "car_brand": "Бугатти",
    "mileage": 20000,
    "work_done": "Замена масла. \r\nОптика.",
    "amount": "70000.00",
    "created_at": "2024-10-21T11:48:18.077Z"
  }
},
{
  "model": "user.note",
  "pk": 2,
  "fields": {
    "user": 3,
    "car_brand": "Лада Гранта",
    "mileage": 220000,
    "work_done": "Подвеска.\r\nМасло, фильтр.",
    "amount": "6000.00",
    "created_at": "2024-10-21T11:49:44.879Z"
  }
},
{
  "model": "user.note",
  "pk": 3,
  "fields": {
    "user": 1,
    "car_brand": "Бугатти",
    "mileage": 20000,
    "work_done": "Плановое ТО.\r\nРегулировка фар",
    "amount": "120000.00",
    "created_at": "2024-10-23T12:56:57.214Z"
  }
},
{
  "model": "user.note",
  "pk": 4,
  "fields": {
    "user": 1,
    "car_brand": "Тайота супра",
    "mileage": 45000,
    "work_done": "Тонировка стекол, подключение сигнализации",
    "amount": "30000.00",
    "created_at": "2024-10-26T10:18:09.039Z"
  }
}
]
